,shiftname,start time,end time,length,date,route,department,route_id,route_short_name,route_long_name,route_desc,route_type,route_url
0,21-PM,13:40,16:40,3.0,3/27/14,38,Bus,38,38,MHC / HC / AC / UM,,3,
1,21-MID,13:25,16:05,2.75,3/29/14,38,Bus,38,38,MHC / HC / AC / UM,,3,
2,21-AM, 8:30,12:50,4.25,4/13/14,38,Bus,38,38,MHC / HC / AC / UM,,3,
3,23-MID Part 2,11:40,13:10,1.5,4/1/14,38,Bus,38,38,MHC / HC / AC / UM,,3,
4,38-2 MID,11:10,14:10,3.0,9/2/14,38,Bus,38,38,MHC / HC / AC / UM,,3,
5,38-1 EVE,19:35,23:55,4.25,9/15/14,38,Bus,38,38,MHC / HC / AC / UM,,3,
6,38-3 PM2,16:10,20:50,4.75,9/17/14,38,Bus,38,38,MHC / HC / AC / UM,,3,
7,38-1 EVE,19:35,23:55,4.25,9/22/14,38,Bus,38,38,MHC / HC / AC / UM,,3,
8,38-3 PM2,16:10,20:50,4.75,9/24/14,38,Bus,38,38,MHC / HC / AC / UM,,3,
9,38-1 EVE,19:35,23:55,4.25,9/29/14,38,Bus,38,38,MHC / HC / AC / UM,,3,
10,38-3 PM2,16:10,20:50,4.75,10/1/14,38,Bus,38,38,MHC / HC / AC / UM,,3,
11,38-1 EVE,19:35,23:55,4.25,10/6/14,38,Bus,38,38,MHC / HC / AC / UM,,3,
12,38-3 PM2,16:10,20:50,4.75,10/8/14,38,Bus,38,38,MHC / HC / AC / UM,,3,
13,38-1 EVE,19:35,23:55,4.25,10/13/14,38,Bus,38,38,MHC / HC / AC / UM,,3,
14,38-1 EVE,19:35,23:55,4.25,10/14/14,38,Bus,38,38,MHC / HC / AC / UM,,3,
15,38-3 PM2,16:10,20:50,4.75,10/15/14,38,Bus,38,38,MHC / HC / AC / UM,,3,
16,38-3 PM2,16:10,20:50,4.75,10/17/14,38,Bus,38,38,MHC / HC / AC / UM,,3,
17,38-1 EVE,19:35,23:55,4.25,10/20/14,38,Bus,38,38,MHC / HC / AC / UM,,3,
18,38-3 PM2,16:10,20:50,4.75,10/22/14,38,Bus,38,38,MHC / HC / AC / UM,,3,
19,38-1 EVE,19:35,23:55,4.25,10/27/14,38,Bus,38,38,MHC / HC / AC / UM,,3,
20,38-3 PM2,16:10,20:50,4.75,10/29/14,38,Bus,38,38,MHC / HC / AC / UM,,3,
21,38-1 EVE,19:35,23:55,4.25,11/3/14,38,Bus,38,38,MHC / HC / AC / UM,,3,
22,38-3 PM2,16:10,20:50,4.75,11/5/14,38,Bus,38,38,MHC / HC / AC / UM,,3,
23,38-1 EVE,19:35,23:55,4.25,11/10/14,38,Bus,38,38,MHC / HC / AC / UM,,3,
24,38-1 EVE,19:35,23:55,4.25,11/17/14,38,Bus,38,38,MHC / HC / AC / UM,,3,
25,38-3 PM2,16:10,20:50,4.75,11/19/14,38,Bus,38,38,MHC / HC / AC / UM,,3,
26,38-1 EVE,19:35,23:55,4.25,11/24/14,38,Bus,38,38,MHC / HC / AC / UM,,3,
27,38-3 PM2,16:10,20:50,4.75,11/26/14,38,Bus,38,38,MHC / HC / AC / UM,,3,
28,38-1 EVE,19:35,23:55,4.25,12/1/14,38,Bus,38,38,MHC / HC / AC / UM,,3,
29,38-3 PM2,16:10,20:50,4.75,12/3/14,38,Bus,38,38,MHC / HC / AC / UM,,3,
30,38-1 EVE,19:35,23:55,4.25,12/8/14,38,Bus,38,38,MHC / HC / AC / UM,,3,
31,38-3 PM2,16:10,20:50,4.75,12/10/14,38,Bus,38,38,MHC / HC / AC / UM,,3,
32,38-2 EVE Part 1,20:45,23:25,2.75,9/20/14,38,Bus,38,38,MHC / HC / AC / UM,,3,
33,38-1 EVE Part 2,20:55,26:35:00,5.75,10/17/14,38,Bus,38,38,MHC / HC / AC / UM,,3,
34,38-2 PM1,14:45,18:45,4.0,1/9/15,38,Bus,38,38,MHC / HC / AC / UM,,3,
35,38-3 PM1 Part 2,14:45,16:10,1.5,12/8/14,38,Bus,38,38,MHC / HC / AC / UM,,3,
36,38-1 MID,10:40,13:40,3.0,9/10/15,38,Bus,38,38,MHC / HC / AC / UM,,3,
37,38-1 PM2,16:40,19:55,3.25,9/17/15,38,Bus,38,38,MHC / HC / AC / UM,,3,
38,38-1 PM2,16:40,19:55,3.25,9/24/15,38,Bus,38,38,MHC / HC / AC / UM,,3,
39,38-1 PM2,16:40,19:55,3.25,10/1/15,38,Bus,38,38,MHC / HC / AC / UM,,3,
40,38-1 PM2,16:40,19:55,3.25,10/8/15,38,Bus,38,38,MHC / HC / AC / UM,,3,
41,38-1 PM2,16:40,19:55,3.25,10/15/15,38,Bus,38,38,MHC / HC / AC / UM,,3,
42,38-2 PM2,17:10,20:20,3.25,10/20/15,38,Bus,38,38,MHC / HC / AC / UM,,3,
43,38-1 PM2,16:40,19:55,3.25,10/22/15,38,Bus,38,38,MHC / HC / AC / UM,,3,
44,38-1 PM2,16:40,19:55,3.25,10/29/15,38,Bus,38,38,MHC / HC / AC / UM,,3,
45,38-1 PM2,16:40,19:55,3.25,11/5/15,38,Bus,38,38,MHC / HC / AC / UM,,3,
46,38-1 PM2,16:40,19:55,3.25,11/12/15,38,Bus,38,38,MHC / HC / AC / UM,,3,
47,38-1 PM2,16:40,19:55,3.25,11/19/15,38,Bus,38,38,MHC / HC / AC / UM,,3,
48,38-1 PM2,16:40,19:55,3.25,12/3/15,38,Bus,38,38,MHC / HC / AC / UM,,3,
49,38-1 PM2,16:40,19:55,3.25,12/10/15,38,Bus,38,38,MHC / HC / AC / UM,,3,
50,38-1 MID Part 1,8:30,10:10,1.75,11/1/15,38,Bus,38,38,MHC / HC / AC / UM,,3,
51,38-1 AM, 6:40, 9:50,3.25,12/30/15,38,Bus,38,38,MHC / HC / AC / UM,,3,
52,38-3 MID,10:10,13:10,3.0,1/19/16,38,Bus,38,38,MHC / HC / AC / UM,,3,
53,38-1 AM, 6:20,10:40,4.25,1/25/16,38,Bus,38,38,MHC / HC / AC / UM,,3,
54,38-2 MID,11:10,14:10,3.0,1/26/16,38,Bus,38,38,MHC / HC / AC / UM,,3,
55,38-3 MID,10:10,13:10,3.0,1/28/16,38,Bus,38,38,MHC / HC / AC / UM,,3,
56,38-3 PM1 A,13:10,14:40,1.5,1/28/16,38,Bus,38,38,MHC / HC / AC / UM,,3,
57,38-2 MID,11:10,14:10,3.0,2/2/16,38,Bus,38,38,MHC / HC / AC / UM,,3,
58,38-3 MID,10:10,13:10,3.0,2/4/16,38,Bus,38,38,MHC / HC / AC / UM,,3,
59,38-3 PM1 A,13:10,14:40,1.5,2/4/16,38,Bus,38,38,MHC / HC / AC / UM,,3,
60,38-2 MID,11:10,14:10,3.0,2/9/16,38,Bus,38,38,MHC / HC / AC / UM,,3,
61,38-3 MID,10:10,13:10,3.0,2/11/16,38,Bus,38,38,MHC / HC / AC / UM,,3,
62,38-3 PM1 A,13:10,14:40,1.5,2/11/16,38,Bus,38,38,MHC / HC / AC / UM,,3,
63,38-3 MID,10:10,13:10,3.0,2/18/16,38,Bus,38,38,MHC / HC / AC / UM,,3,
64,38-3 PM1 A,13:10,14:40,1.5,2/18/16,38,Bus,38,38,MHC / HC / AC / UM,,3,
65,38-2 MID,11:10,14:10,3.0,2/23/16,38,Bus,38,38,MHC / HC / AC / UM,,3,
66,38-3 MID,10:10,13:10,3.0,2/25/16,38,Bus,38,38,MHC / HC / AC / UM,,3,
67,38-3 PM1 A,13:10,14:40,1.5,2/25/16,38,Bus,38,38,MHC / HC / AC / UM,,3,
68,38-2 MID,11:10,14:10,3.0,3/1/16,38,Bus,38,38,MHC / HC / AC / UM,,3,
69,38-3 MID,10:10,13:10,3.0,3/3/16,38,Bus,38,38,MHC / HC / AC / UM,,3,
70,38-3 PM1 A,13:10,14:40,1.5,3/3/16,38,Bus,38,38,MHC / HC / AC / UM,,3,
71,38-2 MID,11:10,14:10,3.0,3/8/16,38,Bus,38,38,MHC / HC / AC / UM,,3,
72,38-3 MID,10:10,13:10,3.0,3/10/16,38,Bus,38,38,MHC / HC / AC / UM,,3,
73,38-3 PM1 A,13:10,14:40,1.5,3/10/16,38,Bus,38,38,MHC / HC / AC / UM,,3,
74,38-3 PM1,15:40,19:00,3.25,3/15/16,38,Bus,38,38,MHC / HC / AC / UM,,3,
75,38-2 MID,11:10,14:10,3.0,3/22/16,38,Bus,38,38,MHC / HC / AC / UM,,3,
76,38-3 MID,10:10,13:10,3.0,3/24/16,38,Bus,38,38,MHC / HC / AC / UM,,3,
77,38-3 PM1 A,13:10,14:40,1.5,3/24/16,38,Bus,38,38,MHC / HC / AC / UM,,3,
78,38-2 MID,11:10,14:10,3.0,3/29/16,38,Bus,38,38,MHC / HC / AC / UM,,3,
79,38-3 MID,10:10,13:10,3.0,3/31/16,38,Bus,38,38,MHC / HC / AC / UM,,3,
80,38-3 PM1 A,13:10,14:40,1.5,3/31/16,38,Bus,38,38,MHC / HC / AC / UM,,3,
81,38-2 MID,11:10,14:10,3.0,4/5/16,38,Bus,38,38,MHC / HC / AC / UM,,3,
82,38-3 MID,10:10,13:10,3.0,4/7/16,38,Bus,38,38,MHC / HC / AC / UM,,3,
83,38-3 PM1 A,13:10,14:40,1.5,4/7/16,38,Bus,38,38,MHC / HC / AC / UM,,3,
84,38-2 MID,11:10,14:10,3.0,4/12/16,38,Bus,38,38,MHC / HC / AC / UM,,3,
85,38-3 MID,10:10,13:10,3.0,4/14/16,38,Bus,38,38,MHC / HC / AC / UM,,3,
86,38-3 PM1 A,13:10,14:40,1.5,4/14/16,38,Bus,38,38,MHC / HC / AC / UM,,3,
87,38-2 MID,11:10,14:10,3.0,4/19/16,38,Bus,38,38,MHC / HC / AC / UM,,3,
88,38-3 MID,10:10,13:10,3.0,4/21/16,38,Bus,38,38,MHC / HC / AC / UM,,3,
89,38-3 PM1 A,13:10,14:40,1.5,4/21/16,38,Bus,38,38,MHC / HC / AC / UM,,3,
90,38-2 MID,11:10,14:10,3.0,4/26/16,38,Bus,38,38,MHC / HC / AC / UM,,3,
91,38-3 MID,10:10,13:10,3.0,4/28/16,38,Bus,38,38,MHC / HC / AC / UM,,3,
92,38-3 PM1 A,13:10,14:40,1.5,4/28/16,38,Bus,38,38,MHC / HC / AC / UM,,3,
93,38-2 MID,11:10,14:10,3.0,5/2/16,38,Bus,38,38,MHC / HC / AC / UM,,3,
94,38-2 MID,11:10,14:10,3.0,5/3/16,38,Bus,38,38,MHC / HC / AC / UM,,3,
95,38-3 MID,10:10,13:10,3.0,5/5/16,38,Bus,38,38,MHC / HC / AC / UM,,3,
96,38-2 PM1 Part 2,15:40,17:10,1.5,2/8/16,38,Bus,38,38,MHC / HC / AC / UM,,3,
97,38-3 MID,10:10,13:10,3.0,9/8/16,38,Bus,38,38,MHC / HC / AC / UM,,3,
98,38-2 MID,11:10,14:10,3.0,9/9/16,38,Bus,38,38,MHC / HC / AC / UM,,3,
99,38-1 PM1,13:40,16:40,3.0,9/20/16,38,Bus,38,38,MHC / HC / AC / UM,,3,
100,38-1 PM1,13:40,16:40,3.0,9/27/16,38,Bus,38,38,MHC / HC / AC / UM,,3,
101,38-1 PM1,13:40,16:40,3.0,10/4/16,38,Bus,38,38,MHC / HC / AC / UM,,3,
102,38-1 PM1,13:40,16:40,3.0,10/18/16,38,Bus,38,38,MHC / HC / AC / UM,,3,
103,38-1 PM1,13:40,16:40,3.0,10/25/16,38,Bus,38,38,MHC / HC / AC / UM,,3,
104,38-2 PM2,16:45,20:45,4.0,10/29/16,38,Bus,38,38,MHC / HC / AC / UM,,3,
105,38-1 PM1,13:40,16:40,3.0,11/1/16,38,Bus,38,38,MHC / HC / AC / UM,,3,
106,38-1 PM1,13:40,16:40,3.0,11/8/16,38,Bus,38,38,MHC / HC / AC / UM,,3,
107,38-1 PM1,13:40,16:40,3.0,11/15/16,38,Bus,38,38,MHC / HC / AC / UM,,3,
108,38-1 PM1,13:40,16:40,3.0,11/29/16,38,Bus,38,38,MHC / HC / AC / UM,,3,
109,38-1 PM1,13:40,16:40,3.0,12/6/16,38,Bus,38,38,MHC / HC / AC / UM,,3,
110,38-1 PM1,13:40,16:40,3.0,12/13/16,38,Bus,38,38,MHC / HC / AC / UM,,3,
111,38-1 PM1,13:40,16:40,3.0,12/20/16,38,Bus,38,38,MHC / HC / AC / UM,,3,
112,38-1 MID Part 1,8:25,10:05,1.75,12/4/16,38,Bus,38,38,MHC / HC / AC / UM,,3,
113,38-2 EVE,20:00,27:15:00,7.25,1/27/17,38,Bus,38,38,MHC / HC / AC / UM,,3,
114,38-1 PM2,16:40,19:45,3.0,1/31/17,38,Bus,38,38,MHC / HC / AC / UM,,3,
115,38-2 PM2,17:10,20:20,3.25,2/2/17,38,Bus,38,38,MHC / HC / AC / UM,,3,
116,38-1 PM1,13:40,16:40,3.0,2/3/17,38,Bus,38,38,MHC / HC / AC / UM,,3,
117,38-1 PM2,16:40,19:45,3.0,2/7/17,38,Bus,38,38,MHC / HC / AC / UM,,3,
118,38-1 PM1,13:40,16:40,3.0,2/10/17,38,Bus,38,38,MHC / HC / AC / UM,,3,
119,38-1 PM2,16:40,19:45,3.0,2/14/17,38,Bus,38,38,MHC / HC / AC / UM,,3,
120,38-2 PM2,17:10,20:20,3.25,2/16/17,38,Bus,38,38,MHC / HC / AC / UM,,3,
121,38-1 PM1,13:40,16:40,3.0,2/17/17,38,Bus,38,38,MHC / HC / AC / UM,,3,
122,38-1 PM2,16:40,19:45,3.0,2/21/17,38,Bus,38,38,MHC / HC / AC / UM,,3,
123,38-2 PM2,17:10,20:20,3.25,2/23/17,38,Bus,38,38,MHC / HC / AC / UM,,3,
124,38-1 PM1,13:40,16:40,3.0,2/24/17,38,Bus,38,38,MHC / HC / AC / UM,,3,
125,38-1 PM2,16:40,19:45,3.0,2/28/17,38,Bus,38,38,MHC / HC / AC / UM,,3,
126,38-2 PM2,17:10,20:20,3.25,3/2/17,38,Bus,38,38,MHC / HC / AC / UM,,3,
127,38-1 PM2,16:40,19:45,3.0,3/7/17,38,Bus,38,38,MHC / HC / AC / UM,,3,
128,38-2 PM2,17:10,20:20,3.25,3/9/17,38,Bus,38,38,MHC / HC / AC / UM,,3,
129,38-1 PM1,13:40,16:40,3.0,3/10/17,38,Bus,38,38,MHC / HC / AC / UM,,3,
130,38-2 PM2,17:10,20:20,3.25,3/23/17,38,Bus,38,38,MHC / HC / AC / UM,,3,
131,38-1 PM1,13:40,16:40,3.0,3/24/17,38,Bus,38,38,MHC / HC / AC / UM,,3,
132,38-1 PM2,16:40,19:45,3.0,3/28/17,38,Bus,38,38,MHC / HC / AC / UM,,3,
133,38-2 PM2,17:10,20:20,3.25,3/30/17,38,Bus,38,38,MHC / HC / AC / UM,,3,
134,38-1 PM1,13:40,16:40,3.0,3/31/17,38,Bus,38,38,MHC / HC / AC / UM,,3,
135,38-1 PM2,16:40,19:45,3.0,4/4/17,38,Bus,38,38,MHC / HC / AC / UM,,3,
136,38-2 PM2,17:10,20:20,3.25,4/6/17,38,Bus,38,38,MHC / HC / AC / UM,,3,
137,38-1 PM1,13:40,16:40,3.0,4/7/17,38,Bus,38,38,MHC / HC / AC / UM,,3,
138,38-1 PM2,16:40,19:45,3.0,4/11/17,38,Bus,38,38,MHC / HC / AC / UM,,3,
139,38-2 PM2,17:10,20:20,3.25,4/13/17,38,Bus,38,38,MHC / HC / AC / UM,,3,
140,38-1 PM1,13:40,16:40,3.0,4/14/17,38,Bus,38,38,MHC / HC / AC / UM,,3,
141,38-2 PM2,17:10,20:20,3.25,4/20/17,38,Bus,38,38,MHC / HC / AC / UM,,3,
142,38-1 PM1,13:40,16:40,3.0,4/21/17,38,Bus,38,38,MHC / HC / AC / UM,,3,
143,38-1 PM2,16:40,19:45,3.0,4/25/17,38,Bus,38,38,MHC / HC / AC / UM,,3,
144,38-2 PM2,17:10,20:20,3.25,4/27/17,38,Bus,38,38,MHC / HC / AC / UM,,3,
145,38-1 PM1,13:40,16:40,3.0,4/28/17,38,Bus,38,38,MHC / HC / AC / UM,,3,
146,38-1 PM2,16:40,19:45,3.0,5/2/17,38,Bus,38,38,MHC / HC / AC / UM,,3,
147,38-2 PM2,17:10,20:20,3.25,5/4/17,38,Bus,38,38,MHC / HC / AC / UM,,3,
148,38-1 PM1,13:40,16:40,3.0,5/5/17,38,Bus,38,38,MHC / HC / AC / UM,,3,
149,38-1 PM2,16:40,19:45,3.0,5/9/17,38,Bus,38,38,MHC / HC / AC / UM,,3,
150,38-2 PM2,17:10,20:20,3.25,5/11/17,38,Bus,38,38,MHC / HC / AC / UM,,3,
151,38-1 PM2 Part 1,16:40,19:40,3.0,3/21/17,38,Bus,38,38,MHC / HC / AC / UM,,3,
152,38-1 AM,6:20,10:40,4.25,9/5/17,38,Bus,38,38,MHC / HC / AC / UM,,3,
153,38-1 MID,10:40,13:40,3.0,9/14/17,38,Bus,38,38,MHC / HC / AC / UM,,3,
154,38-1 MID,10:40,13:40,3.0,9/21/17,38,Bus,38,38,MHC / HC / AC / UM,,3,
155,38-1 MID,10:40,13:40,3.0,9/28/17,38,Bus,38,38,MHC / HC / AC / UM,,3,
156,38-1 MID,10:40,13:40,3.0,10/5/17,38,Bus,38,38,MHC / HC / AC / UM,,3,
157,38-1 MID,10:40,13:40,3.0,10/12/17,38,Bus,38,38,MHC / HC / AC / UM,,3,
158,38-1 MID,10:40,13:40,3.0,10/19/17,38,Bus,38,38,MHC / HC / AC / UM,,3,
159,38-1 MID,10:40,13:40,3.0,10/26/17,38,Bus,38,38,MHC / HC / AC / UM,,3,
160,38-1 MID,10:40,13:40,3.0,11/2/17,38,Bus,38,38,MHC / HC / AC / UM,,3,
161,38-1 MID,10:40,13:40,3.0,11/9/17,38,Bus,38,38,MHC / HC / AC / UM,,3,
162,38-1 MID,10:40,13:40,3.0,11/16/17,38,Bus,38,38,MHC / HC / AC / UM,,3,
163,38-1 MID,10:40,13:40,3.0,11/30/17,38,Bus,38,38,MHC / HC / AC / UM,,3,
164,38-1 MID,10:40,13:40,3.0,12/7/17,38,Bus,38,38,MHC / HC / AC / UM,,3,
165,38-1 MID,10:40,13:40,3.0,12/14/17,38,Bus,38,38,MHC / HC / AC / UM,,3,
166,38-1 MID Part 1,10:40,11:00,0.25,10/27/17,38,Bus,38,38,MHC / HC / AC / UM,,3,
167,38-1 MID Part 2,11:00,12:10,1.25,10/27/17,38,Bus,38,38,MHC / HC / AC / UM,,3,
168,38-3 PM1 Part 1,13:10,15:00,1.75,11/28/17,38,Bus,38,38,MHC / HC / AC / UM,,3,
169,38-3 PM1 Part 2,15:00,16:10,1.25,11/28/17,38,Bus,38,38,MHC / HC / AC / UM,,3,
170,38-2 MID,10:45,14:45,4.0,1/8/18,38,Bus,38,38,MHC / HC / AC / UM,,3,
171,38-2 MID,10:45,14:45,4.0,1/10/18,38,Bus,38,38,MHC / HC / AC / UM,,3,
172,38-1 AM,7:05,10:15,3.25,1/17/18,38,Bus,38,38,MHC / HC / AC / UM,,3,
173,38-1 AM,6:20,10:40,4.25,1/24/18,38,Bus,38,38,MHC / HC / AC / UM,,3,
174,38-2 MID,11:10,14:10,3.0,2/14/18,38,Bus,38,38,MHC / HC / AC / UM,,3,
175,38-3 PM1,13:10,16:10,3.0,2/15/18,38,Bus,38,38,MHC / HC / AC / UM,,3,
176,38-2 AM,6:25,11:10,4.75,2/15/18,38,Bus,38,38,MHC / HC / AC / UM,,3,
177,38-3 PM1,13:10,16:10,3.0,3/1/18,38,Bus,38,38,MHC / HC / AC / UM,,3,
178,38-3 AM,6:55,10:10,3.25,3/21/18,38,Bus,38,38,MHC / HC / AC / UM,,3,
179,38-3 PM2 Part 1,16:10,17:40,1.5,2/12/18,38,Bus,38,38,MHC / HC / AC / UM,,3,
180,11-PM,14:45,19:10,4.5,3/30/14,30,Bus,30,30,North Amherst / Old Belchertown Rd,,3,
181,15-AM, 7:10,11:00,3.75,4/7/14,30,Bus,30,30,North Amherst / Old Belchertown Rd,,3,
182,15-AM, 7:10,11:00,3.75,4/14/14,30,Bus,30,30,North Amherst / Old Belchertown Rd,,3,
183,15-AM, 7:10,11:00,3.75,4/23/14,30,Bus,30,30,North Amherst / Old Belchertown Rd,,3,
184,15-AM, 7:10,11:00,3.75,4/28/14,30,Bus,30,30,North Amherst / Old Belchertown Rd,,3,
185,15-AM, 7:10,11:00,3.75,5/5/14,30,Bus,30,30,North Amherst / Old Belchertown Rd,,3,
186,14-PM Part 3,17:00,18:24,1.5,4/1/14,30,Bus,30,30,North Amherst / Old Belchertown Rd,,3,
187,14-PM Part 3,17:22,18:24,1.0,4/2/14,30,Bus,30,30,North Amherst / Old Belchertown Rd,,3,
188,13-PM,14:30,18:30,4.0,5/9/14,30,Bus,30,30,North Amherst / Old Belchertown Rd,,3,
189,11-PM,14:45,19:10,4.5,5/25/14,30,Bus,30,30,North Amherst / Old Belchertown Rd,,3,
190,11-AM, 6:55,11:00,4.0,5/27/14,30,Bus,30,30,North Amherst / Old Belchertown Rd,,3,
191,13-MID,10:52,14:30,3.75,5/28/14,30,Bus,30,30,North Amherst / Old Belchertown Rd,,3,
192,13-AM, 6:45,10:52,4.0,5/30/14,30,Bus,30,30,North Amherst / Old Belchertown Rd,,3,
193,11-MID,11:15,15:02,3.75,5/31/14,30,Bus,30,30,North Amherst / Old Belchertown Rd,,3,
194,11-AM, 6:55,11:00,4.0,6/9/14,30,Bus,30,30,North Amherst / Old Belchertown Rd,,3,
195,13-AM, 6:45,10:52,4.0,6/13/14,30,Bus,30,30,North Amherst / Old Belchertown Rd,,3,
196,13-AM, 6:45,10:52,4.0,6/16/14,30,Bus,30,30,North Amherst / Old Belchertown Rd,,3,
197,13-AM, 6:45,10:52,4.0,6/20/14,30,Bus,30,30,North Amherst / Old Belchertown Rd,,3,
198,13-AM, 6:45,10:52,4.0,6/25/14,30,Bus,30,30,North Amherst / Old Belchertown Rd,,3,
199,11-AM, 6:55,11:00,4.0,7/23/14,30,Bus,30,30,North Amherst / Old Belchertown Rd,,3,
200,11-AM, 6:55,11:00,4.0,7/25/14,30,Bus,30,30,North Amherst / Old Belchertown Rd,,3,
201,13-AM, 6:45,10:52,4.0,7/28/14,30,Bus,30,30,North Amherst / Old Belchertown Rd,,3,
202,30-1 AM, 6:55,11:00,4.0,8/1/14,30,Bus,30,30,North Amherst / Old Belchertown Rd,,3,
203,30-1 AM, 6:55,11:00,4.0,8/7/14,30,Bus,30,30,North Amherst / Old Belchertown Rd,,3,
204,30-1 AM, 6:55,11:00,4.0,8/8/14,30,Bus,30,30,North Amherst / Old Belchertown Rd,,3,
205,30-1 AM, 6:55,11:00,4.0,8/11/14,30,Bus,30,30,North Amherst / Old Belchertown Rd,,3,
206,30-1 AM, 6:55,11:00,4.0,8/15/14,30,Bus,30,30,North Amherst / Old Belchertown Rd,,3,
207,30-1 AM, 6:55,11:00,4.0,8/19/14,30,Bus,30,30,North Amherst / Old Belchertown Rd,,3,
208,30-1 AM, 6:55,11:00,4.0,8/20/14,30,Bus,30,30,North Amherst / Old Belchertown Rd,,3,
209,30-1 MID,11:00,14:22,3.25,8/26/14,30,Bus,30,30,North Amherst / Old Belchertown Rd,,3,
210,30-3 AM, 6:45,10:52,4.0,8/28/14,30,Bus,30,30,North Amherst / Old Belchertown Rd,,3,
211,11-MID Part 2,13:00,14:22,1.25,5/9/14,30,Bus,30,30,North Amherst / Old Belchertown Rd,,3,
212,13-MID Part 1,10:52,11:30,0.75,5/30/14,30,Bus,30,30,North Amherst / Old Belchertown Rd,,3,
213,30-2 AM, 6:57,10:37,3.75,9/12/14,30,Bus,30,30,North Amherst / Old Belchertown Rd,,3,
214,30-5 EVE,19:45,25:30:00,5.75,9/23/14,30,Bus,30,30,North Amherst / Old Belchertown Rd,,3,
215,30-5 EVE,19:45,25:30:00,5.75,9/30/14,30,Bus,30,30,North Amherst / Old Belchertown Rd,,3,
216,30-5 EVE,19:45,25:30:00,5.75,10/7/14,30,Bus,30,30,North Amherst / Old Belchertown Rd,,3,
217,30-5 EVE,19:45,25:30:00,5.75,10/21/14,30,Bus,30,30,North Amherst / Old Belchertown Rd,,3,
218,30-5 EVE,19:45,25:30:00,5.75,10/28/14,30,Bus,30,30,North Amherst / Old Belchertown Rd,,3,
219,30-5 EVE,19:45,25:30:00,5.75,11/4/14,30,Bus,30,30,North Amherst / Old Belchertown Rd,,3,
220,30-5 EVE,19:45,25:30:00,5.75,11/12/14,30,Bus,30,30,North Amherst / Old Belchertown Rd,,3,
221,30-2 PM2,16:52,19:30,2.75,11/17/14,30,Bus,30,30,North Amherst / Old Belchertown Rd,,3,
222,30-5 EVE,19:45,25:30:00,5.75,11/18/14,30,Bus,30,30,North Amherst / Old Belchertown Rd,,3,
223,30-5 EVE,19:45,25:30:00,5.75,11/25/14,30,Bus,30,30,North Amherst / Old Belchertown Rd,,3,
224,30-5 EVE,19:45,25:30:00,5.75,12/2/14,30,Bus,30,30,North Amherst / Old Belchertown Rd,,3,
225,30-5 EVE,19:45,25:30:00,5.75,12/9/14,30,Bus,30,30,North Amherst / Old Belchertown Rd,,3,
226,30-5 EVE Part 2,21:50,25:30:00,3.75,9/8/14,30,Bus,30,30,North Amherst / Old Belchertown Rd,,3,
227,30-2 MID Part 1,10:37,11:30,1.0,9/11/14,30,Bus,30,30,North Amherst / Old Belchertown Rd,,3,
228,30-5 AM Part 2,9:45,11:00,1.25,10/2/14,30,Bus,30,30,North Amherst / Old Belchertown Rd,,3,
229,30-4 PM1 Part 1,13:37,16:07,2.5,10/2/14,30,Bus,30,30,North Amherst / Old Belchertown Rd,,3,
230,30-5 MID Part 2,11:22,12:15,1.0,12/1/14,30,Bus,30,30,North Amherst / Old Belchertown Rd,,3,
231,30-4 PM2 Part 2,19:30,20:35,1.0,2/11/15,30,Bus,30,30,North Amherst / Old Belchertown Rd,,3,
232,30-1 MID,11:00,14:22,3.25,5/12/15,30,Bus,30,30,North Amherst / Old Belchertown Rd,,3,
233,30-1 MID,11:00,14:22,3.25,6/9/15,30,Bus,30,30,North Amherst / Old Belchertown Rd,,3,
234,30-1 EVE,18:52,24:10:00,5.25,7/12/15,30,Bus,30,30,North Amherst / Old Belchertown Rd,,3,
235,30-3 AM, 6:45,10:52,4.0,7/31/15,30,Bus,30,30,North Amherst / Old Belchertown Rd,,3,
236,30-3 MID Part 2,11:52,12:52,1.0,5/8/15,30,Bus,30,30,North Amherst / Old Belchertown Rd,,3,
237,30-4 AM, 7:12,10:52,3.75,9/9/15,30,Bus,30,30,North Amherst / Old Belchertown Rd,,3,
238,30-5 PM2,17:00,19:52,2.75,9/10/15,30,Bus,30,30,North Amherst / Old Belchertown Rd,,3,
239,30-1 MID Part 1,11:00,12:37,1.5,9/8/15,30,Bus,30,30,North Amherst / Old Belchertown Rd,,3,
240,30-3 MID,10:37,14:00,3.5,10/6/15,30,Bus,30,30,North Amherst / Old Belchertown Rd,,3,
241,30-3 MID,10:37,14:00,3.5,10/20/15,30,Bus,30,30,North Amherst / Old Belchertown Rd,,3,
242,30-3 MID,10:37,14:00,3.5,10/27/15,30,Bus,30,30,North Amherst / Old Belchertown Rd,,3,
243,30-4 MID,10:52,14:15,3.5,10/29/15,30,Bus,30,30,North Amherst / Old Belchertown Rd,,3,
244,30-3 MID,10:37,14:00,3.5,11/3/15,30,Bus,30,30,North Amherst / Old Belchertown Rd,,3,
245,30-4 MID,10:52,14:15,3.5,11/5/15,30,Bus,30,30,North Amherst / Old Belchertown Rd,,3,
246,30-3 MID,10:37,14:00,3.5,11/10/15,30,Bus,30,30,North Amherst / Old Belchertown Rd,,3,
247,30-4 MID,10:52,14:15,3.5,11/12/15,30,Bus,30,30,North Amherst / Old Belchertown Rd,,3,
248,30-3 MID,10:37,14:00,3.5,11/17/15,30,Bus,30,30,North Amherst / Old Belchertown Rd,,3,
249,30-4 MID,10:52,14:15,3.5,11/19/15,30,Bus,30,30,North Amherst / Old Belchertown Rd,,3,
250,30-3 MID,10:37,14:00,3.5,11/24/15,30,Bus,30,30,North Amherst / Old Belchertown Rd,,3,
251,30-3 MID,10:37,14:00,3.5,12/1/15,30,Bus,30,30,North Amherst / Old Belchertown Rd,,3,
252,30-4 MID,10:52,14:15,3.5,12/3/15,30,Bus,30,30,North Amherst / Old Belchertown Rd,,3,
253,30-3 MID,10:37,14:00,3.5,12/8/15,30,Bus,30,30,North Amherst / Old Belchertown Rd,,3,
254,30-4 MID,10:52,14:15,3.5,12/10/15,30,Bus,30,30,North Amherst / Old Belchertown Rd,,3,
255,30-3 MID,10:37,14:00,3.5,12/15/15,30,Bus,30,30,North Amherst / Old Belchertown Rd,,3,
256,30-4 MID,10:52,14:15,3.5,12/17/15,30,Bus,30,30,North Amherst / Old Belchertown Rd,,3,
257,30-1 AM, 7:25,11:30,4.0,12/19/15,30,Bus,30,30,North Amherst / Old Belchertown Rd,,3,
258,30-2 AM, 6:45,10:52,4.0,1/4/16,30,Bus,30,30,North Amherst / Old Belchertown Rd,,3,
259,30-2 MID,10:52,14:30,3.75,1/8/16,30,Bus,30,30,North Amherst / Old Belchertown Rd,,3,
260,30-1 EVE,19:30,24:10:00,4.75,1/10/16,30,Bus,30,30,North Amherst / Old Belchertown Rd,,3,
261,30-1 AM, 6:55,11:00,4.0,1/13/16,30,Bus,30,30,North Amherst / Old Belchertown Rd,,3,
262,30-5 PM2,17:00,19:52,2.75,1/27/16,30,Bus,30,30,North Amherst / Old Belchertown Rd,,3,
263,30-5 PM2,17:00,19:52,2.75,2/3/16,30,Bus,30,30,North Amherst / Old Belchertown Rd,,3,
264,30-5 PM2,17:00,19:52,2.75,2/10/16,30,Bus,30,30,North Amherst / Old Belchertown Rd,,3,
265,30-5 PM2,17:00,19:52,2.75,2/17/16,30,Bus,30,30,North Amherst / Old Belchertown Rd,,3,
266,30-5 PM2,17:00,19:52,2.75,2/24/16,30,Bus,30,30,North Amherst / Old Belchertown Rd,,3,
267,30-5 PM2,17:00,19:52,2.75,3/2/16,30,Bus,30,30,North Amherst / Old Belchertown Rd,,3,
268,30-5 PM2,17:00,19:52,2.75,3/9/16,30,Bus,30,30,North Amherst / Old Belchertown Rd,,3,
269,30-5 PM2,17:00,19:52,2.75,3/23/16,30,Bus,30,30,North Amherst / Old Belchertown Rd,,3,
270,30-5 PM2,17:00,19:52,2.75,3/30/16,30,Bus,30,30,North Amherst / Old Belchertown Rd,,3,
271,30-5 PM2,17:00,19:52,2.75,4/6/16,30,Bus,30,30,North Amherst / Old Belchertown Rd,,3,
272,30-5 PM2,17:00,19:52,2.75,4/13/16,30,Bus,30,30,North Amherst / Old Belchertown Rd,,3,
273,30-5 PM2,17:00,19:52,2.75,4/27/16,30,Bus,30,30,North Amherst / Old Belchertown Rd,,3,
274,30-3 PM1 Part 2,15:37,16:52,1.25,2/17/16,30,Bus,30,30,North Amherst / Old Belchertown Rd,,3,
275,30-1 AM Part 3,7:22,11:00,3.75,3/18/16,30,Bus,30,30,North Amherst / Old Belchertown Rd,,3,
276,30-3 PM1 Part 2,14:22,15:15,1.0,4/6/16,30,Bus,30,30,North Amherst / Old Belchertown Rd,,3,
277,30-1 MID,11:00,14:22,3.25,6/1/16,30,Bus,30,30,North Amherst / Old Belchertown Rd,,3,
278,30-1 MID,10:25,14:52,4.5,6/26/16,30,Bus,30,30,North Amherst / Old Belchertown Rd,,3,
279,30-1 PM1,14:22,18:40,4.25,6/29/16,30,Bus,30,30,North Amherst / Old Belchertown Rd,,3,
280,30-1 AM,6:55,11:00,4.0,7/6/16,30,Bus,30,30,North Amherst / Old Belchertown Rd,,3,
281,30-1 PM1,14:22,18:40,4.25,7/13/16,30,Bus,30,30,North Amherst / Old Belchertown Rd,,3,
282,30-2 AM,6:45,10:52,4.0,7/18/16,30,Bus,30,30,North Amherst / Old Belchertown Rd,,3,
283,30-2 PM1,14:30,18:30,4.0,7/20/16,30,Bus,30,30,North Amherst / Old Belchertown Rd,,3,
284,30-2 AM,6:45,10:52,4.0,8/17/16,30,Bus,30,30,North Amherst / Old Belchertown Rd,,3,
285,30-1 MID,11:00,14:22,3.25,8/19/16,30,Bus,30,30,North Amherst / Old Belchertown Rd,,3,
286,30-2 MID,10:52,14:30,3.75,8/31/16,30,Bus,30,30,North Amherst / Old Belchertown Rd,,3,
287,30-1 MID,11:00,14:22,3.25,9/5/16,30,Bus,30,30,North Amherst / Old Belchertown Rd,,3,
288,30-1 MID Part 1,11:00,13:00,2.0,8/24/16,30,Bus,30,30,North Amherst / Old Belchertown Rd,,3,
289,30-3 MID,10:37,14:00,3.5,9/13/16,30,Bus,30,30,North Amherst / Old Belchertown Rd,,3,
290,30-3 MID Part 2,12:45,13:07,0.25,9/27/16,30,Bus,30,30,North Amherst / Old Belchertown Rd,,3,
291,30-2 PM2 Part 2,18:45,20:00,1.25,10/27/16,30,Bus,30,30,North Amherst / Old Belchertown Rd,,3,
292,30-2 PM2,16:37,20:00,3.5,1/30/17,30,Bus,30,30,North Amherst / Old Belchertown Rd,,3,
293,30-2 EVE,19:40,25:30:00,5.75,3/21/17,30,Bus,30,30,North Amherst / Old Belchertown Rd,,3,
294,30-4 MID Part 2,12:07,13:22,1.25,2/7/17,30,Bus,30,30,North Amherst / Old Belchertown Rd,,3,
295,30-2 EVE Part 2,19:45,25:30:00,5.75,2/14/17,30,Bus,30,30,North Amherst / Old Belchertown Rd,,3,
296,30-3 AM,6:57,10:37,3.75,9/12/17,30,Bus,30,30,North Amherst / Old Belchertown Rd,,3,
297,30-3 AM,6:57,10:37,3.75,9/19/17,30,Bus,30,30,North Amherst / Old Belchertown Rd,,3,
298,30-3 AM,6:57,10:37,3.75,9/26/17,30,Bus,30,30,North Amherst / Old Belchertown Rd,,3,
299,30-3 AM,6:57,10:37,3.75,10/3/17,30,Bus,30,30,North Amherst / Old Belchertown Rd,,3,
300,30-3 AM,6:57,10:37,3.75,10/17/17,30,Bus,30,30,North Amherst / Old Belchertown Rd,,3,
301,30-3 AM,6:57,10:37,3.75,10/24/17,30,Bus,30,30,North Amherst / Old Belchertown Rd,,3,
302,30-3 AM,6:57,10:37,3.75,10/31/17,30,Bus,30,30,North Amherst / Old Belchertown Rd,,3,
303,30-3 AM,6:57,10:37,3.75,11/14/17,30,Bus,30,30,North Amherst / Old Belchertown Rd,,3,
304,30-3 AM,6:57,10:37,3.75,11/28/17,30,Bus,30,30,North Amherst / Old Belchertown Rd,,3,
305,30-3 AM,6:57,10:37,3.75,12/5/17,30,Bus,30,30,North Amherst / Old Belchertown Rd,,3,
306,30-3 AM,6:57,10:37,3.75,12/12/17,30,Bus,30,30,North Amherst / Old Belchertown Rd,,3,
307,30-3 AM,6:57,10:37,3.75,12/19/17,30,Bus,30,30,North Amherst / Old Belchertown Rd,,3,
308,30-3 PM1 Part 1,14:00,15:00,1.0,9/25/17,30,Bus,30,30,North Amherst / Old Belchertown Rd,,3,
309,30-3 PM1 Part 2,15:00,16:52,1.75,9/25/17,30,Bus,30,30,North Amherst / Old Belchertown Rd,,3,
310,30-5 PM1 Part 1,13:37,15:00,1.5,10/2/17,30,Bus,30,30,North Amherst / Old Belchertown Rd,,3,
311,30-5 PM1 Part 2,15:00,16:07,1.0,10/2/17,30,Bus,30,30,North Amherst / Old Belchertown Rd,,3,
312,30-3 AM Part 1,6:57,10:30,3.5,11/9/17,30,Bus,30,30,North Amherst / Old Belchertown Rd,,3,
313,30-3 AM Part 2,10:30,10:37,0.0,11/9/17,30,Bus,30,30,North Amherst / Old Belchertown Rd,,3,
314,30-5 AM Part 2,9:52,10:45,1.0,11/13/17,30,Bus,30,30,North Amherst / Old Belchertown Rd,,3,
315,30-5 AM,7:27,10:45,3.25,3/8/18,30,Bus,30,30,North Amherst / Old Belchertown Rd,,3,
316,30-5 AM,7:27,10:45,3.25,4/11/18,30,Bus,30,30,North Amherst / Old Belchertown Rd,,3,
317,30-1 MID Part 1,11:00,12:37,1.5,2/12/18,30,Bus,30,30,North Amherst / Old Belchertown Rd,,3,
318,30-1 MID Part 1,11:00,11:41,0.75,2/26/18,30,Bus,30,30,North Amherst / Old Belchertown Rd,,3,
319,30-3 PM2 Part 1,16:52,18:07,1.25,2/26/18,30,Bus,30,30,North Amherst / Old Belchertown Rd,,3,
320,30-3 PM1 Part 3,15:37,16:52,1.25,2/26/18,30,Bus,30,30,North Amherst / Old Belchertown Rd,,3,
321,30-2 PM1 Part 2,16:30,18:30,2.0,3/14/18,30,Bus,30,30,North Amherst / Old Belchertown Rd,,3,
322,30-4 MID Part 1,10:52,11:00,0.25,3/26/18,30,Bus,30,30,North Amherst / Old Belchertown Rd,,3,
323,30-4 MID Part 2,11:00,11:45,0.75,3/26/18,30,Bus,30,30,North Amherst / Old Belchertown Rd,,3,
324,30-3 MID Part 2,12:45,14:00,1.25,4/5/18,30,Bus,30,30,North Amherst / Old Belchertown Rd,,3,
325,30-2 PM1 Part 1,13:45,15:00,1.25,4/9/18,30,Bus,30,30,North Amherst / Old Belchertown Rd,,3,
326,30-1 MID,11:00,14:22,3.25,6/1/18,30,Bus,30,30,North Amherst / Old Belchertown Rd,,3,
327,30-1 AM,6:55,11:00,4.0,6/14/18,30,Bus,30,30,North Amherst / Old Belchertown Rd,,3,
328,30-1 MID,11:00,14:22,3.25,6/19/18,30,Bus,30,30,North Amherst / Old Belchertown Rd,,3,
329,C-PM,13:41,16:32,2.75,4/1/14,34,Bus,34,34,Campus Shuttle Northbound,,3,
330,A-PM,13:32,16:47,3.25,4/8/14,34,Bus,34,34,Campus Shuttle Northbound,,3,
331,B-PM Part 2,14:41,16:10,1.5,3/26/14,34,Bus,34,34,Campus Shuttle Northbound,,3,
332,B-EVE Part 1,16:57,18:17,1.25,4/7/14,34,Bus,34,34,Campus Shuttle Northbound,,3,
333,B-EVE2 Part 2,21:31,23:57,2.5,4/24/14,34,Bus,34,34,Campus Shuttle Northbound,,3,
334,34-3 PM1 Part 3,14:47,15:55,1.25,10/29/14,34,Bus,34,34,Campus Shuttle Northbound,,3,
335,34-2 PM2 Part 1,16:47,17:41,1.0,11/12/14,34,Bus,34,34,Campus Shuttle Northbound,,3,
336,34-2 PM2,16:47,19:57,3.25,2/17/15,34,Bus,34,34,Campus Shuttle Northbound,,3,
337,34-2 EVE Part 1,19:57,21:16,1.25,2/17/15,34,Bus,34,34,Campus Shuttle Northbound,,3,
338,34-3 PM1 Part 2,15:10,16:40,1.5,2/10/16,34,Bus,34,34,Campus Shuttle Northbound,,3,
339,34-2 PM1 Part 3,14:55,15:40,0.75,2/11/16,34,Bus,34,34,Campus Shuttle Northbound,,3,
340,34-3 PM1 Part 2,14:00,14:25,0.5,10/24/17,34,Bus,34,34,Campus Shuttle Northbound,,3,
341,34-1 AM Part 2,10:30,10:55,0.5,12/8/17,34,Bus,34,34,Campus Shuttle Northbound,,3,
342,34-1 AM,6:45,10:55,4.25,2/21/18,34,Bus,34,34,Campus Shuttle Northbound,,3,
343,34-1 PM1 Part 1,13:55,14:24,0.5,2/6/18,34,Bus,34,34,Campus Shuttle Northbound,,3,
344,34-3 MID Part 2,11:54,13:40,1.75,2/16/18,34,Bus,34,34,Campus Shuttle Northbound,,3,
345,34-1 AM Part 1,6:45,8:40,2.0,4/18/18,34,Bus,34,34,Campus Shuttle Northbound,,3,
346,34-2 AM Part 3,8:55,10:30,1.5,4/18/18,34,Bus,34,34,Campus Shuttle Northbound,,3,
347,34-2 AM Part 4,10:30,10:45,0.25,4/18/18,34,Bus,34,34,Campus Shuttle Northbound,,3,
348,32-EVE,19:15,26:10:00,7.0,4/4/14,39,Bus,39,39E,Smith/Mount Holyoke Express,,3,
349,32-EVE,19:15,26:10:00,7.0,4/11/14,39,Bus,39,39E,Smith/Mount Holyoke Express,,3,
350,32-EVE,19:15,26:10:00,7.0,4/18/14,39,Bus,39,39E,Smith/Mount Holyoke Express,,3,
351,32-EVE,19:15,26:10:00,7.0,4/25/14,39,Bus,39,39E,Smith/Mount Holyoke Express,,3,
352,32-EVE,19:15,26:10:00,7.0,5/2/14,39,Bus,39,39E,Smith/Mount Holyoke Express,,3,
353,32-AM, 7:40,11:45,4.0,5/9/14,39,Bus,39,39E,Smith/Mount Holyoke Express,,3,
354,32-PM Part 2,17:15,19:55,2.75,4/30/14,39,Bus,39,39E,Smith/Mount Holyoke Express,,3,
355,39-2 EVE,19:15,24:05:00,4.75,9/10/14,39,Bus,39,39E,Smith/Mount Holyoke Express,,3,
356,39-1 MID,12:50,17:20,4.5,9/13/14,39,Bus,39,39E,Smith/Mount Holyoke Express,,3,
357,39-1 EVE,20:20,24:40:00,4.25,9/21/14,39,Bus,39,39E,Smith/Mount Holyoke Express,,3,
358,39-1 EVE,20:20,24:40:00,4.25,11/9/14,39,Bus,39,39E,Smith/Mount Holyoke Express,,3,
359,39-2 EVE Part 3,20:50,24:05:00,3.25,10/16/14,39,Bus,39,39E,Smith/Mount Holyoke Express,,3,
360,39-2 PM1 Part 2,16:15,19:55,3.75,11/7/14,39,Bus,39,39E,Smith/Mount Holyoke Express,,3,
361,39-1 AM Part 2,8:00,10:45,2.75,12/9/14,39,Bus,39,39E,Smith/Mount Holyoke Express,,3,
362,39-2 AM, 7:40,11:45,4.0,1/23/15,39,Bus,39,39E,Smith/Mount Holyoke Express,,3,
363,39-2 AM, 7:40,11:45,4.0,1/30/15,39,Bus,39,39E,Smith/Mount Holyoke Express,,3,
364,39-2 AM, 7:40,11:45,4.0,2/6/15,39,Bus,39,39E,Smith/Mount Holyoke Express,,3,
365,39-2 AM, 7:40,11:45,4.0,2/13/15,39,Bus,39,39E,Smith/Mount Holyoke Express,,3,
366,39-2 AM, 7:40,11:45,4.0,2/20/15,39,Bus,39,39E,Smith/Mount Holyoke Express,,3,
367,39-2 AM, 7:40,11:45,4.0,2/27/15,39,Bus,39,39E,Smith/Mount Holyoke Express,,3,
368,39-2 AM, 7:40,11:45,4.0,3/6/15,39,Bus,39,39E,Smith/Mount Holyoke Express,,3,
369,39-2 AM,7:40,11:45,4.0,3/13/15,39,Bus,39,39E,Smith/Mount Holyoke Express,,3,
370,39-2 AM, 7:40,11:45,4.0,4/3/15,39,Bus,39,39E,Smith/Mount Holyoke Express,,3,
371,39-1 EVE,20:20,26:35:00,6.25,4/4/15,39,Bus,39,39E,Smith/Mount Holyoke Express,,3,
372,39-2 AM, 7:40,11:45,4.0,4/10/15,39,Bus,39,39E,Smith/Mount Holyoke Express,,3,
373,39-2 AM, 7:40,11:45,4.0,4/17/15,39,Bus,39,39E,Smith/Mount Holyoke Express,,3,
374,39-2 AM, 7:40,11:45,4.0,4/24/15,39,Bus,39,39E,Smith/Mount Holyoke Express,,3,
375,39-2 AM, 7:40,11:45,4.0,5/1/15,39,Bus,39,39E,Smith/Mount Holyoke Express,,3,
376,39-2 AM Part 1, 7:40,11:25,3.75,9/11/15,39,Bus,39,39E,Smith/Mount Holyoke Express,,3,
377,39-2 AM, 7:40,11:45,4.0,12/22/15,39,Bus,39,39E,Smith/Mount Holyoke Express,,3,
378,39-2 MID,11:05,14:45,3.75,1/21/16,39,Bus,39,39E,Smith/Mount Holyoke Express,,3,
379,39-1 MID,8:35,13:30,5.0,4/10/16,39,Bus,39,39E,Smith/Mount Holyoke Express,,3,
380,39-1 MID Part 1,8:35,10:35,2.0,2/7/16,39,Bus,39,39E,Smith/Mount Holyoke Express,,3,
381,39-2 MID,11:00,14:20,3.25,9/12/16,39,Bus,39,39E,Smith/Mount Holyoke Express,,3,
382,39-1 EVE,20:00,24:50:00,4.75,1/29/17,39,Bus,39,39E,Smith/Mount Holyoke Express,,3,
383,39-1 MID,10:45,14:25,3.75,1/24/18,39,Bus,39,39E,Smith/Mount Holyoke Express,,3,
384,39-1 AM,7:00,11:25,4.5,2/2/18,39,Bus,39,39E,Smith/Mount Holyoke Express,,3,
385,39-1 AM,7:00,11:25,4.5,2/9/18,39,Bus,39,39E,Smith/Mount Holyoke Express,,3,
386,39-1 AM,7:00,11:25,4.5,3/2/18,39,Bus,39,39E,Smith/Mount Holyoke Express,,3,
387,39-1 AM,7:00,11:25,4.5,3/9/18,39,Bus,39,39E,Smith/Mount Holyoke Express,,3,
388,39-1 MID,10:45,14:25,3.75,3/21/18,39,Bus,39,39E,Smith/Mount Holyoke Express,,3,
389,39-1 AM,7:00,11:25,4.5,3/23/18,39,Bus,39,39E,Smith/Mount Holyoke Express,,3,
390,39-1 AM,7:00,11:25,4.5,4/6/18,39,Bus,39,39E,Smith/Mount Holyoke Express,,3,
391,39-1 AM,7:00,11:25,4.5,4/13/18,39,Bus,39,39E,Smith/Mount Holyoke Express,,3,
392,39-1 MID,10:45,14:25,3.75,4/18/18,39,Bus,39,39E,Smith/Mount Holyoke Express,,3,
393,39-1 AM,7:00,11:25,4.5,4/20/18,39,Bus,39,39E,Smith/Mount Holyoke Express,,3,
394,39-2 AM,7:40,11:55,4.25,4/26/18,39,Bus,39,39E,Smith/Mount Holyoke Express,,3,
395,39-1 AM,7:00,11:25,4.5,4/27/18,39,Bus,39,39E,Smith/Mount Holyoke Express,,3,
396,39-1 AM,7:00,11:25,4.5,5/4/18,39,Bus,39,39E,Smith/Mount Holyoke Express,,3,
397,39-1 AM Part 2,7:55,11:25,3.5,2/16/18,39,Bus,39,39E,Smith/Mount Holyoke Express,,3,
398,39-1 AM Part 1,7:00,11:05,4.0,2/23/18,39,Bus,39,39E,Smith/Mount Holyoke Express,,3,
399,39-1 MID Part 2,11:05,13:35,2.5,2/23/18,39,Bus,39,39E,Smith/Mount Holyoke Express,,3,
400,39-2 PM1 Part 3,15:15,19:55,4.75,4/10/18,39,Bus,39,39E,Smith/Mount Holyoke Express,,3,
401,39-2 MID Part 2,13:15,14:55,1.75,4/26/18,39,Bus,39,39E,Smith/Mount Holyoke Express,,3,
402,39-2 MID Part 1,11:15,12:30,1.25,5/3/18,39,Bus,39,39E,Smith/Mount Holyoke Express,,3,
403,39-2 MID Part 2,12:30,14:55,2.5,5/3/18,39,Bus,39,39E,Smith/Mount Holyoke Express,,3,
404,43-EVE,17:20,20:34,3.25,4/17/14,46,Bus,46,46,Whately via S. Deerfield Center / UMass,,3,
405,43-AM, 6:40, 8:54,2.25,6/24/14,46,Bus,46,46,Whately via S. Deerfield Center / UMass,,3,
406,43-AM, 6:40, 8:54,2.25,7/2/14,46,Bus,46,46,Whately via S. Deerfield Center / UMass,,3,
407,43-EVE Part 2,19:05,20:44,1.75,7/18/14,46,Bus,46,46,Whately via S. Deerfield Center / UMass,,3,
408,45-4 MID,12:07,14:35,2.5,1/13/16,46,Bus,46,46,Whately via S. Deerfield Center / UMass,,3,
409,Z-PM Part 2,16:38,17:24,0.75,3/26/14,35,Bus,35,35,Campus Shuttle Southbound,,3,
410,X-EVE2 Part 2,21:54,24:49:00,3.0,3/28/14,35,Bus,35,35,Campus Shuttle Southbound,,3,
411,X-EVE2 Part 2,21:54,24:49:00,3.0,3/27/14,35,Bus,35,35,Campus Shuttle Southbound,,3,
412,Z-AM Part 1, 7:13,9:29,2.25,4/4/14,35,Bus,35,35,Campus Shuttle Southbound,,3,
413,Z-PM Part 2,14:19,16:33,2.25,4/7/14,35,Bus,35,35,Campus Shuttle Southbound,,3,
414,35-2 PM2,16:53,19:54,3.0,9/8/14,35,Bus,35,35,Campus Shuttle Southbound,,3,
415,35-1 AM Part 2,8:53,10:44,1.75,9/5/14,35,Bus,35,35,Campus Shuttle Southbound,,3,
416,35-1 PM,16:43,20:04,3.25,9/14/14,35,Bus,35,35,Campus Shuttle Southbound,,3,
417,35-1 EVE,20:04,24:59:00,5.0,9/16/14,35,Bus,35,35,Campus Shuttle Southbound,,3,
418,35-1 EVE,20:04,24:59:00,5.0,9/18/14,35,Bus,35,35,Campus Shuttle Southbound,,3,
419,35-1 PM,16:43,20:04,3.25,11/15/14,35,Bus,35,35,Campus Shuttle Southbound,,3,
420,35-2 PM1 Part 2,15:44,16:53,1.25,9/8/14,35,Bus,35,35,Campus Shuttle Southbound,,3,
421,35-1 EVE Part 1,20:04,22:03,2.0,9/9/14,35,Bus,35,35,Campus Shuttle Southbound,,3,
422,35-1 MID Part 2,11:08,12:14,1.0,9/26/14,35,Bus,35,35,Campus Shuttle Southbound,,3,
423,35-3 MID Part 2,10:59,11:44,0.75,10/2/14,35,Bus,35,35,Campus Shuttle Southbound,,3,
424,35-3 PM1 Part 1,13:38,15:04,1.5,11/20/14,35,Bus,35,35,Campus Shuttle Southbound,,3,
425,35-3 PM2,16:59,20:24,3.5,1/26/15,35,Bus,35,35,Campus Shuttle Southbound,,3,
426,35-3 PM2,16:59,20:24,3.5,2/12/15,35,Bus,35,35,Campus Shuttle Southbound,,3,
427,35-3 PM1 Part 3,15:53,16:59,1.0,3/5/15,35,Bus,35,35,Campus Shuttle Southbound,,3,
428,35-2 PM2 Part 1,16:38,18:29,1.75,12/18/15,35,Bus,35,35,Campus Shuttle Southbound,,3,
429,35-3 PM1 Part 2,14:38,15:44,1.0,2/9/16,35,Bus,35,35,Campus Shuttle Southbound,,3,
430,35-2 PM1,13:38,16:38,3.0,2/2/17,35,Bus,35,35,Campus Shuttle Southbound,,3,
431,35-3 AM,7:32,10:57,3.5,12/11/17,35,Bus,35,35,Campus Shuttle Southbound,,3,
432,35-1 MID Part 1,10:47,11:00,0.25,10/17/17,35,Bus,35,35,Campus Shuttle Southbound,,3,
433,35-1 MID Part 2,11:00,11:52,0.75,10/17/17,35,Bus,35,35,Campus Shuttle Southbound,,3,
434,35-2 AM Part 1,7:17,10:17,3.0,2/1/18,35,Bus,35,35,Campus Shuttle Southbound,,3,
435,35-3 PM1 Part 1,13:57,14:38,0.75,4/24/18,35,Bus,35,35,Campus Shuttle Southbound,,3,
436,01-AM Part 1, 6:52,8:21,1.5,4/2/14,31,Bus,31,31,Sunderland / South Amherst,,3,
437,01-AM, 6:28,11:22,5.0,5/23/14,31,Bus,31,31,Sunderland / South Amherst,,3,
438,01-AM, 6:28,11:22,5.0,5/29/14,31,Bus,31,31,Sunderland / South Amherst,,3,
439,01-EVE,19:25,23:14,3.75,6/1/14,31,Bus,31,31,Sunderland / South Amherst,,3,
440,01-MID,11:35,15:40,4.0,6/1/14,31,Bus,31,31,Sunderland / South Amherst,,3,
441,01-AM, 6:28,11:22,5.0,6/3/14,31,Bus,31,31,Sunderland / South Amherst,,3,
442,03-MID,11:16,14:17,3.0,6/20/14,31,Bus,31,31,Sunderland / South Amherst,,3,
443,03-AM, 6:21,11:16,5.0,6/30/14,31,Bus,31,31,Sunderland / South Amherst,,3,
444,01-AM, 6:28,11:22,5.0,7/3/14,31,Bus,31,31,Sunderland / South Amherst,,3,
445,01-AM, 6:28,11:22,5.0,7/24/14,31,Bus,31,31,Sunderland / South Amherst,,3,
446,01-AM, 6:28,11:22,5.0,7/29/14,31,Bus,31,31,Sunderland / South Amherst,,3,
447,03-AM, 6:21,11:16,5.0,7/30/14,31,Bus,31,31,Sunderland / South Amherst,,3,
448,31-3 AM, 6:21,11:16,5.0,8/6/14,31,Bus,31,31,Sunderland / South Amherst,,3,
449,31-3 AM, 6:21,11:16,5.0,8/22/14,31,Bus,31,31,Sunderland / South Amherst,,3,
450,02-MID Part 1,11:06,11:47,0.75,4/28/14,31,Bus,31,31,Sunderland / South Amherst,,3,
451,01-EVE Part 2,19:10,23:14,4.0,5/10/14,31,Bus,31,31,Sunderland / South Amherst,,3,
452,03-EVE Part 2,20:36,24:35:00,4.0,7/18/14,31,Bus,31,31,Sunderland / South Amherst,,3,
453,03-PM Part 1,14:17,17:06,2.75,7/25/14,31,Bus,31,31,Sunderland / South Amherst,,3,
454,31-4 MID Part 2,11:36,12:51,1.25,10/6/14,31,Bus,31,31,Sunderland / South Amherst,,3,
455,31-1 AM Part 2,9:36,10:51,1.25,10/14/14,31,Bus,31,31,Sunderland / South Amherst,,3,
456,31-2 MID Part 1,11:06,12:21,1.25,10/14/14,31,Bus,31,31,Sunderland / South Amherst,,3,
457,31-3 AM, 6:21,11:16,5.0,12/17/14,31,Bus,31,31,Sunderland / South Amherst,,3,
458,31-1 AM, 6:51,11:22,4.5,3/14/15,31,Bus,31,31,Sunderland / South Amherst,,3,
459,31-1 MID,11:31,15:21,3.75,3/15/15,31,Bus,31,31,Sunderland / South Amherst,,3,
460,31-5 MID Part 1,11:17,11:51,0.5,2/12/15,31,Bus,31,31,Sunderland / South Amherst,,3,
461,31-3 MID,11:16,14:17,3.0,5/28/15,31,Bus,31,31,Sunderland / South Amherst,,3,
462,31-3 MID,11:16,14:17,3.0,6/2/15,31,Bus,31,31,Sunderland / South Amherst,,3,
463,31-1 AM, 6:28,11:22,5.0,7/29/15,31,Bus,31,31,Sunderland / South Amherst,,3,
464,31-1 PM1 Part 2,17:12,18:40,1.5,6/16/15,31,Bus,31,31,Sunderland / South Amherst,,3,
465,31-3 MID Part 1,11:16,13:07,1.75,7/22/15,31,Bus,31,31,Sunderland / South Amherst,,3,
466,31-1 PM1,14:11,18:40,4.5,12/21/15,31,Bus,31,31,Sunderland / South Amherst,,3,
467,31-3 EVE,19:40,25:00:00,5.25,2/16/16,31,Bus,31,31,Sunderland / South Amherst,,3,
468,31-4 PM2,16:36,20:22,3.75,3/4/16,31,Bus,31,31,Sunderland / South Amherst,,3,
469,31-3 AM,6:21,10:47,4.5,3/17/16,31,Bus,31,31,Sunderland / South Amherst,,3,
470,31-3 PM1 Part 2,14:32,15:06,0.5,2/10/16,31,Bus,31,31,Sunderland / South Amherst,,3,
471,31-5 PM1 Part 2,14:21,15:36,1.25,2/17/16,31,Bus,31,31,Sunderland / South Amherst,,3,
472,31-1 PM1,14:11,18:40,4.5,6/22/16,31,Bus,31,31,Sunderland / South Amherst,,3,
473,31-1 EVE,19:02,23:40,4.75,7/3/16,31,Bus,31,31,Sunderland / South Amherst,,3,
474,31-1 PM1,14:11,18:40,4.5,7/5/16,31,Bus,31,31,Sunderland / South Amherst,,3,
475,31-3 MID,10:47,14:17,3.5,7/13/16,31,Bus,31,31,Sunderland / South Amherst,,3,
476,31-1 AM,6:28,10:41,4.25,7/26/16,31,Bus,31,31,Sunderland / South Amherst,,3,
477,31-3 AM,6:21,10:47,4.5,8/2/16,31,Bus,31,31,Sunderland / South Amherst,,3,
478,31-4 PM2 Part 2,17:17,20:22,3.0,4/29/16,31,Bus,31,31,Sunderland / South Amherst,,3,
479,31-3 MID,10:47,14:17,3.5,11/21/16,31,Bus,31,31,Sunderland / South Amherst,,3,
480,31-4 AM Part 1,7:08,11:00,3.75,10/13/17,31,Bus,31,31,Sunderland / South Amherst,,3,
481,31-4 AM Part 2,11:00,11:02,0.0,10/13/17,31,Bus,31,31,Sunderland / South Amherst,,3,
482,31-4 PM1 Part 1,14:06,14:47,0.75,10/16/17,31,Bus,31,31,Sunderland / South Amherst,,3,
483,31-5 AM,7:23,10:36,3.25,1/31/18,31,Bus,31,31,Sunderland / South Amherst,,3,
484,31-4 PM1,14:06,16:36,2.5,2/2/18,31,Bus,31,31,Sunderland / South Amherst,,3,
485,31-1 AM,6:46,10:51,4.0,2/5/18,31,Bus,31,31,Sunderland / South Amherst,,3,
486,31-4 PM1,14:06,16:36,2.5,2/9/18,31,Bus,31,31,Sunderland / South Amherst,,3,
487,31-1 AM,6:46,10:51,4.0,2/12/18,31,Bus,31,31,Sunderland / South Amherst,,3,
488,31-4 PM1,14:06,16:36,2.5,2/16/18,31,Bus,31,31,Sunderland / South Amherst,,3,
489,31-1 AM,6:28,10:41,4.25,2/19/18,31,Bus,31,31,Sunderland / South Amherst,,3,
490,31-4 PM1,14:06,16:36,2.5,2/23/18,31,Bus,31,31,Sunderland / South Amherst,,3,
491,31-1 AM,6:46,10:51,4.0,2/26/18,31,Bus,31,31,Sunderland / South Amherst,,3,
492,31-1 AM,6:46,10:51,4.0,3/5/18,31,Bus,31,31,Sunderland / South Amherst,,3,
493,31-1 AM,6:46,10:51,4.0,3/19/18,31,Bus,31,31,Sunderland / South Amherst,,3,
494,31-4 PM1,14:06,16:36,2.5,3/23/18,31,Bus,31,31,Sunderland / South Amherst,,3,
495,31-1 AM,6:46,10:51,4.0,3/26/18,31,Bus,31,31,Sunderland / South Amherst,,3,
496,31-1 AM,6:46,10:47,4.0,4/2/18,31,Bus,31,31,Sunderland / South Amherst,,3,
497,31-4 PM1,14:06,16:36,2.5,4/6/18,31,Bus,31,31,Sunderland / South Amherst,,3,
498,31-1 AM,6:46,10:51,4.0,4/9/18,31,Bus,31,31,Sunderland / South Amherst,,3,
499,31-1 AM,6:28,10:41,4.25,4/16/18,31,Bus,31,31,Sunderland / South Amherst,,3,
500,31-4 PM1,14:06,16:36,2.5,4/20/18,31,Bus,31,31,Sunderland / South Amherst,,3,
501,31-1 AM,6:46,10:51,4.0,4/23/18,31,Bus,31,31,Sunderland / South Amherst,,3,
502,31-4 PM1,14:06,16:36,2.5,4/27/18,31,Bus,31,31,Sunderland / South Amherst,,3,
503,31-1 AM,6:46,10:51,4.0,4/30/18,31,Bus,31,31,Sunderland / South Amherst,,3,
504,31-4 MID,11:02,14:06,3.0,4/30/18,31,Bus,31,31,Sunderland / South Amherst,,3,
505,31-4 PM1,14:06,16:36,2.5,5/4/18,31,Bus,31,31,Sunderland / South Amherst,,3,
506,31-1 AM,6:46,10:51,4.0,5/7/18,31,Bus,31,31,Sunderland / South Amherst,,3,
507,31-1 PM1 Part 3,15:51,17:06,1.25,2/8/18,31,Bus,31,31,Sunderland / South Amherst,,3,
508,31-4 MID Part 3,12:51,14:06,1.25,2/9/18,31,Bus,31,31,Sunderland / South Amherst,,3,
509,31-4 PM2 Part 1,16:36,17:17,0.75,2/9/18,31,Bus,31,31,Sunderland / South Amherst,,3,
510,31-4 PM2 Part 1,16:36,17:17,0.75,2/23/18,31,Bus,31,31,Sunderland / South Amherst,,3,
511,31-1 MID Part 2,12:06,14:02,2.0,3/9/18,31,Bus,31,31,Sunderland / South Amherst,,3,
512,31-3 MID Part 1,10:47,11:00,0.25,4/2/18,31,Bus,31,31,Sunderland / South Amherst,,3,
513,31-3 MID Part 2,11:00,13:51,2.75,4/2/18,31,Bus,31,31,Sunderland / South Amherst,,3,
514,31-3 AM,6:21,10:47,4.5,6/7/18,31,Bus,31,31,Sunderland / South Amherst,,3,
515,31-5 MID Part 2,11:17,13:47,2.5,4/23/18,31,Bus,31,31,Sunderland / South Amherst,,3,
516,31-3 PM1 Part 1,13:51,15:00,1.25,5/8/18,31,Bus,31,31,Sunderland / South Amherst,,3,
517,31-3 PM1 Part 2,15:00,15:06,0.0,5/8/18,31,Bus,31,31,Sunderland / South Amherst,,3,
518,42-AM, 6:10, 8:32,2.25,5/28/14,45,Bus,45,45,Belchertown Center / UMass,,3,
519,42-AM, 6:10, 8:32,2.25,6/26/14,45,Bus,45,45,Belchertown Center / UMass,,3,
520,42-PM,15:55,18:40,2.75,6/26/14,45,Bus,45,45,Belchertown Center / UMass,,3,
521,45-2 AM, 6:40, 8:54,2.25,1/8/16,45,Bus,45,45,Belchertown Center / UMass,,3,
522,45-7 PM2 Part 1,16:10,16:15,0.0,3/18/16,45,Bus,45,45,Belchertown Center / UMass,,3,
523,45-7 PM2 Part 2,16:15,19:07,2.75,3/18/16,45,Bus,45,45,Belchertown Center / UMass,,3,
524,45-2 AM Part 1,6:40,7:00,0.25,8/15/16,45,Bus,45,45,Belchertown Center / UMass,,3,
525,45-2 AM Part 2,7:00,8:54,2.0,8/15/16,45,Bus,45,45,Belchertown Center / UMass,,3,
526,45-1 AM,6:10,8:35,2.5,1/10/18,45,Bus,45,45,Belchertown Center / UMass,,3,
527,45-2 AM,6:40,9:57,3.25,1/30/18,45,Bus,45,45,Belchertown Center / UMass,,3,
528,45-2 AM,6:40,9:57,3.25,2/6/18,45,Bus,45,45,Belchertown Center / UMass,,3,
529,45-2 AM,6:40,9:57,3.25,2/13/18,45,Bus,45,45,Belchertown Center / UMass,,3,
530,45-2 AM,6:40,9:57,3.25,2/20/18,45,Bus,45,45,Belchertown Center / UMass,,3,
531,45-4 MID,12:07,14:10,2.0,2/21/18,45,Bus,45,45,Belchertown Center / UMass,,3,
532,45-2 AM,6:40,9:57,3.25,2/27/18,45,Bus,45,45,Belchertown Center / UMass,,3,
533,45-2 AM,6:40,9:57,3.25,3/6/18,45,Bus,45,45,Belchertown Center / UMass,,3,
534,45-2 AM,6:40,9:57,3.25,3/20/18,45,Bus,45,45,Belchertown Center / UMass,,3,
535,45-2 AM,6:40,9:57,3.25,3/27/18,45,Bus,45,45,Belchertown Center / UMass,,3,
536,45-2 AM,6:40,9:57,3.25,4/3/18,45,Bus,45,45,Belchertown Center / UMass,,3,
537,45-2 AM,6:40,9:57,3.25,4/10/18,45,Bus,45,45,Belchertown Center / UMass,,3,
538,45-2 AM,6:40,9:57,3.25,4/24/18,45,Bus,45,45,Belchertown Center / UMass,,3,
539,45-2 AM,6:40,9:57,3.25,5/1/18,45,Bus,45,45,Belchertown Center / UMass,,3,
540,45-2 AM,6:40,9:57,3.25,5/8/18,45,Bus,45,45,Belchertown Center / UMass,,3,
541,45-2 AM,6:40,8:54,2.25,5/15/18,45,Bus,45,45,Belchertown Center / UMass,,3,
542,45-2 AM,6:40,8:54,2.25,5/24/18,45,Bus,45,45,Belchertown Center / UMass,,3,
543,33-1 AM, 6:46,10:46,4.0,9/3/14,33,Bus,33,33,Puffers Pond / Stop and Shop,,3,
544,33-1 MID Part 1,10:46,11:00,0.25,9/4/14,33,Bus,33,33,Puffers Pond / Stop and Shop,,3,
545,33-1 MID Part 2,11:00,12:42,1.75,9/4/14,33,Bus,33,33,Puffers Pond / Stop and Shop,,3,
546,33-1 PM,14:46,18:20,3.5,10/25/14,33,Bus,33,33,Puffers Pond / Stop and Shop,,3,
547,33-2 AM Part 1, 7:21,10:15,3.0,9/10/14,33,Bus,33,33,Puffers Pond / Stop and Shop,,3,
548,33-2 AM Part 2,10:15,10:42,0.5,9/10/14,33,Bus,33,33,Puffers Pond / Stop and Shop,,3,
549,33-1 MID Part 1,10:46,12:42,2.0,9/10/14,33,Bus,33,33,Puffers Pond / Stop and Shop,,3,
550,33-1 MID Part 2,11:22,12:43,1.25,10/9/14,33,Bus,33,33,Puffers Pond / Stop and Shop,,3,
551,33-1 PM1 Part 2,14:46,17:26,2.75,11/10/14,33,Bus,33,33,Puffers Pond / Stop and Shop,,3,
552,33-1 PM1 Part 2,14:46,16:06,1.25,11/12/14,33,Bus,33,33,Puffers Pond / Stop and Shop,,3,
553,33-2 MID,10:42,14:06,3.5,12/15/14,33,Bus,33,33,Puffers Pond / Stop and Shop,,3,
554,33-2 MID,10:42,14:06,3.5,12/16/14,33,Bus,33,33,Puffers Pond / Stop and Shop,,3,
555,33-1 MID,10:46,14:02,3.25,12/24/14,33,Bus,33,33,Puffers Pond / Stop and Shop,,3,
556,33-1 PM1,14:02,17:26,3.5,1/5/15,33,Bus,33,33,Puffers Pond / Stop and Shop,,3,
557,33-1 AM Part 1, 6:46,8:16,1.5,12/26/14,33,Bus,33,33,Puffers Pond / Stop and Shop,,3,
558,33-2 AM, 7:21,10:42,3.25,3/17/15,33,Bus,33,33,Puffers Pond / Stop and Shop,,3,
559,33-2 PM1 Part 3,16:02,17:22,1.25,1/29/15,33,Bus,33,33,Puffers Pond / Stop and Shop,,3,
560,33-1 MID Part 2,12:06,13:26,1.25,2/13/15,33,Bus,33,33,Puffers Pond / Stop and Shop,,3,
561,33-1 MID Part 1,10:46,11:00,0.25,3/2/15,33,Bus,33,33,Puffers Pond / Stop and Shop,,3,
562,33-1 MID Part 2,11:00,11:22,0.25,3/2/15,33,Bus,33,33,Puffers Pond / Stop and Shop,,3,
563,33-2 AM Part 1, 7:21,8:51,1.5,3/23/15,33,Bus,33,33,Puffers Pond / Stop and Shop,,3,
564,33-1 MID,10:46,14:02,3.25,6/22/15,33,Bus,33,33,Puffers Pond / Stop and Shop,,3,
565,33-2 MID,10:42,14:06,3.5,7/14/15,33,Bus,33,33,Puffers Pond / Stop and Shop,,3,
566,33-2 MID,10:42,14:06,3.5,7/21/15,33,Bus,33,33,Puffers Pond / Stop and Shop,,3,
567,33-1 MID,10:46,14:02,3.25,9/15/15,33,Bus,33,33,Puffers Pond / Stop and Shop,,3,
568,33-1 MID,10:46,14:02,3.25,9/17/15,33,Bus,33,33,Puffers Pond / Stop and Shop,,3,
569,33-1 MID,10:46,14:02,3.25,9/22/15,33,Bus,33,33,Puffers Pond / Stop and Shop,,3,
570,33-1 MID,10:46,14:02,3.25,9/24/15,33,Bus,33,33,Puffers Pond / Stop and Shop,,3,
571,33-1 MID,10:46,14:02,3.25,9/29/15,33,Bus,33,33,Puffers Pond / Stop and Shop,,3,
572,33-1 MID,10:46,14:02,3.25,10/1/15,33,Bus,33,33,Puffers Pond / Stop and Shop,,3,
573,33-1 MID,10:46,14:02,3.25,10/8/15,33,Bus,33,33,Puffers Pond / Stop and Shop,,3,
574,33-1 MID,10:46,14:02,3.25,10/15/15,33,Bus,33,33,Puffers Pond / Stop and Shop,,3,
575,33-1 MID,10:46,14:02,3.25,10/22/15,33,Bus,33,33,Puffers Pond / Stop and Shop,,3,
576,33-2 PM1 Part 2,15:26,16:02,0.5,11/6/15,33,Bus,33,33,Puffers Pond / Stop and Shop,,3,
577,33-1 PM1 Part 2,16:06,17:26,1.25,12/11/15,33,Bus,33,33,Puffers Pond / Stop and Shop,,3,
578,33-2 MID,10:42,14:06,3.5,3/15/16,33,Bus,33,33,Puffers Pond / Stop and Shop,,3,
579,33-1 PM2,17:26,21:00,3.5,3/17/16,33,Bus,33,33,Puffers Pond / Stop and Shop,,3,
580,33-1 MID,10:46,14:02,3.25,6/29/16,33,Bus,33,33,Puffers Pond / Stop and Shop,,3,
581,33-1 AM,6:46,10:46,4.0,7/19/16,33,Bus,33,33,Puffers Pond / Stop and Shop,,3,
582,33-2 MID,10:42,14:06,3.5,7/20/16,33,Bus,33,33,Puffers Pond / Stop and Shop,,3,
583,33-2 PM1,14:06,17:22,3.25,10/28/16,33,Bus,33,33,Puffers Pond / Stop and Shop,,3,
584,33-2 MID Part 2,11:26,13:22,2.0,2/10/17,33,Bus,33,33,Puffers Pond / Stop and Shop,,3,
585,33-1 AM,6:46,10:46,4.0,4/12/18,33,Bus,33,33,Puffers Pond / Stop and Shop,,3,
586,33-1 PM1 Part 2,15:22,17:26,2.0,3/15/18,33,Bus,33,33,Puffers Pond / Stop and Shop,,3,
587,33-2 MID Part 1,10:42,11:26,0.75,4/12/18,33,Bus,33,33,Puffers Pond / Stop and Shop,,3,
588,33-2 AM,7:21,10:42,3.25,6/1/18,33,Bus,33,33,Puffers Pond / Stop and Shop,,3,
589,33-2 PM1,14:06,17:22,3.25,6/15/18,33,Bus,33,33,Puffers Pond / Stop and Shop,,3,
590,33-2 AM,7:21,10:42,3.25,6/28/18,33,Bus,33,33,Puffers Pond / Stop and Shop,,3,
591,33-2 AM Part 1,7:21,8:51,1.5,5/10/18,33,Bus,33,33,Puffers Pond / Stop and Shop,,3,
592,36-1 MID,11:40,15:35,4.0,5/18/15,36,Bus,36,36,Olympia Dr / Atkins Corner,,3,
593,36-1 PM1,13:45,17:05,3.25,7/12/16,36,Bus,36,36,Olympia Dr / Atkins Corner,,3,
594,36-1 MID,10:45,14:05,3.25,7/27/16,36,Bus,36,36,Olympia Dr / Atkins Corner,,3,
595,36-1 MID,10:45,14:05,3.25,8/10/16,36,Bus,36,36,Olympia Dr / Atkins Corner,,3,
596,36-1 PM1,13:45,17:05,3.25,8/17/16,36,Bus,36,36,Olympia Dr / Atkins Corner,,3,
597,36-1 MID,11:02,14:02,3.0,5/14/18,36,Bus,36,36,Olympia Dr / Atkins Corner,,3,
598,36-1 MID,11:02,14:02,3.0,5/21/18,36,Bus,36,36,Olympia Dr / Atkins Corner,,3,
599,36-1 MID,11:02,14:02,3.0,5/31/18,36,Bus,36,36,Olympia Dr / Atkins Corner,,3,
600,36-1 AM Part 2,8:47,10:15,1.5,6/8/18,36,Bus,36,36,Olympia Dr / Atkins Corner,,3,
601,36-1 AM Part 3,10:15,10:17,0.0,6/8/18,36,Bus,36,36,Olympia Dr / Atkins Corner,,3,
